{
  "version": 8,
  "FoodItems": {
    "FriedEgg": true,
    "BerryPie": true,
    "HoneyedApple": true
  },
  "WateringCan": true,
  "RoseGold": true,
  "Ropes": true,
  "EnchantmentPrecision": true,
  "EnchantmentSpeed": true,
  "Wrench": true,
  "CopperPatina": true,
  "AmethystLamp": {
    "enabled": true,
    "despawnChance": 0.5
  },
  "Crossbows": true,
  "TridentShard": true,
  "GlowStick": true,
  "GildedNetherite": {
    "enabled": true,
    "fireResistancePerPiece": 2.5
  },
  "DepthMeter": {
    "enabled": true,
    "displayElevationAlways": false
  },
  "MysteriousBundle": true,
  "CompostableRottenFlesh": true,
  "MusicDiscs": true,
  "NoteBlockAmethystSounds": true,
  "ShipwreckSpyglassLoot": true,
  "PocketJukebox": true,
  "ChickenNugget": true,
  "PoweredRailsCopperRecipe": true,
  "GlowBerryEatGlow": {
    "enabled": true,
    "duration": 5
  },
  "HastePotions": true
}