{
  "README": "https://github.com/Luke100000/ImmersiveMelodies/wiki/Config",
  "showOtherPlayersMelodies": true,
  "getBufferDelay": 75,
  "maxAudibleDistance": 48,
  "mobInstrumentFactors": {
    "minecraft:piglin": 0.01,
    "minecraft:zombified_piglin": 0.01,
    "minecraft:wither_skeleton": 0.01,
    "minecraft:skeleton": 0.01,
    "minecraft:pillager": 0.01,
    "minecraft:piglin_brute": 0.01,
    "minecraft:zombie": 0.01,
    "minecraft:husk": 0.01
  },
  "forceMobsToPickUp": true,
  "clickedHelp": false,
  "version": 1
}